{"cameraMode":{"drawMode":0,"name":"Shaded","section":"Shading Mode"},"sceneLighting":true,"audioPlay":false,"sceneViewState":{"showFog":true,"showMaterialUpdate":false,"showSkybox":false,"showFlares":true,"showImageEffects":true,"showParticleSystems":true},"in2DMode":false,"pivot":{"x":4.960833549499512,"y":2.5351688861846926,"z":-3.2822492122650148},"rotation":{"x":-0.1032341718673706,"y":0.856869101524353,"z":-0.188845694065094,"w":-0.4685472548007965},"size":2.178652286529541,"orthographic":false}